ccd_ordinal	ccd_atom_id	ccd_alt_atom_id	element	hydrogen_or_heavy	ccd_formal_charge	ccd_aromatic	ccd_stereo	sdf_zero_based_index	sdf_element	native_8kct_present	native_x_angstrom	native_y_angstrom	native_z_angstrom	cgenff_atom_name	cgenff_atom_type	gromacs_atom_name
1	C10	C1	C	heavy	0	N	N	0	C	yes	162.203	173.304	146.172			
2	C13	C2	C	heavy	0	Y	N	1	C	yes	162.832	176.043	147.020			
3	C15	C3	C	heavy	0	N	N	2	C	yes	166.101	175.005	139.653			
4	C17	C4	C	heavy	0	N	N	3	C	yes	165.341	176.325	139.482			
5	C20	C5	C	heavy	0	N	N	4	C	yes	163.805	176.537	141.334			
6	C21	C6	C	heavy	0	N	N	5	C	yes	167.196	174.917	138.592			
7	C22	C7	C	heavy	0	N	N	6	C	yes	165.161	173.810	139.504			
8	C24	C8	C	heavy	0	N	N	7	C	yes	166.031	173.181	144.863			
9	C26	C9	C	heavy	0	N	N	8	C	yes	168.111	171.743	146.188			
10	C28	C10	C	heavy	0	N	N	9	C	yes	164.576	178.874	141.806			
11	C09	C11	C	heavy	0	N	S	10	C	yes	163.652	173.743	146.153			
12	C11	C12	C	heavy	0	N	N	11	C	yes	163.948	174.934	147.013			
13	C12	C13	C	heavy	0	N	N	12	C	yes	161.444	173.891	147.303			
14	C14	C14	C	heavy	0	N	S	13	C	yes	165.879	172.842	146.346			
15	C16	C15	C	heavy	0	Y	N	14	C	yes	161.410	175.464	147.187			
16	C18	C16	C	heavy	0	N	N	15	C	yes	163.359	177.978	141.581			
17	C19	C17	C	heavy	0	N	N	16	C	yes	166.677	171.588	146.678			
18	C23	C18	C	heavy	0	Y	N	17	C	yes	163.038	177.552	146.888			
19	C25	C19	C	heavy	0	Y	N	18	C	yes	160.188	176.382	147.220			
20	C27	C20	C	heavy	0	Y	N	19	C	yes	166.193	174.488	142.062			
21	C29	C21	C	heavy	0	N	N	20	C	yes	162.489	178.008	142.834			
22	C30	C22	C	heavy	0	N	N	21	C	yes	162.555	178.485	140.388			
23	C31	C23	C	heavy	0	Y	N	22	C	yes	167.058	174.700	143.088			
24	C32	C24	C	heavy	0	Y	N	23	C	yes	167.889	175.548	141.295			
25	C33	C25	C	heavy	0	Y	N	24	C	yes	161.817	178.489	146.920			
26	C34	C26	C	heavy	0	Y	N	25	C	yes	160.387	177.904	147.087			
27	C35	C27	C	heavy	0	N	N	26	C	yes	168.902	170.493	146.560			
28	F01	F1	F	heavy	0	N	N	27	F	yes	164.296	178.058	146.742			
29	F02	F2	F	heavy	0	N	N	28	F	yes	159.308	178.735	147.117			
30	N04	N1	N	heavy	0	N	N	29	N	yes	164.482	172.601	146.642			
31	N05	N2	N	heavy	0	Y	N	30	N	yes	166.708	175.008	140.973			
32	N06	N3	N	heavy	0	N	N	31	N	yes	163.952	176.214	139.919			
33	N07	N4	N	heavy	0	N	N	32	N	yes	166.869	174.302	144.474			
34	N08	N5	N	heavy	0	Y	N	33	N	yes	168.091	175.352	142.608			
35	O03	O1	O	heavy	0	N	N	34	O	yes	165.471	172.530	144.050			
36	H1	H1	H	hydrogen	0	N	N	35	H	no_hydrogen_not_resolved						
37	H2	H2	H	hydrogen	0	N	N	36	H	no_hydrogen_not_resolved						
38	H3	H3	H	hydrogen	0	N	N	37	H	no_hydrogen_not_resolved						
39	H4	H4	H	hydrogen	0	N	N	38	H	no_hydrogen_not_resolved						
40	H5	H5	H	hydrogen	0	N	N	39	H	no_hydrogen_not_resolved						
41	H6	H6	H	hydrogen	0	N	N	40	H	no_hydrogen_not_resolved						
42	H7	H7	H	hydrogen	0	N	N	41	H	no_hydrogen_not_resolved						
43	H8	H8	H	hydrogen	0	N	N	42	H	no_hydrogen_not_resolved						
44	H9	H9	H	hydrogen	0	N	N	43	H	no_hydrogen_not_resolved						
45	H10	H10	H	hydrogen	0	N	N	44	H	no_hydrogen_not_resolved						
46	H11	H11	H	hydrogen	0	N	N	45	H	no_hydrogen_not_resolved						
47	H12	H12	H	hydrogen	0	N	N	46	H	no_hydrogen_not_resolved						
48	H13	H13	H	hydrogen	0	N	N	47	H	no_hydrogen_not_resolved						
49	H14	H14	H	hydrogen	0	N	N	48	H	no_hydrogen_not_resolved						
50	H15	H15	H	hydrogen	0	N	N	49	H	no_hydrogen_not_resolved						
51	H16	H16	H	hydrogen	0	N	N	50	H	no_hydrogen_not_resolved						
52	H17	H17	H	hydrogen	0	N	N	51	H	no_hydrogen_not_resolved						
53	H18	H18	H	hydrogen	0	N	N	52	H	no_hydrogen_not_resolved						
54	H19	H19	H	hydrogen	0	N	N	53	H	no_hydrogen_not_resolved						
55	H20	H20	H	hydrogen	0	N	N	54	H	no_hydrogen_not_resolved						
56	H21	H21	H	hydrogen	0	N	N	55	H	no_hydrogen_not_resolved						
57	H22	H22	H	hydrogen	0	N	N	56	H	no_hydrogen_not_resolved						
58	H23	H23	H	hydrogen	0	N	N	57	H	no_hydrogen_not_resolved						
59	H24	H24	H	hydrogen	0	N	N	58	H	no_hydrogen_not_resolved						
60	H25	H25	H	hydrogen	0	N	N	59	H	no_hydrogen_not_resolved						
61	H26	H26	H	hydrogen	0	N	N	60	H	no_hydrogen_not_resolved						
62	H27	H27	H	hydrogen	0	N	N	61	H	no_hydrogen_not_resolved						
63	H28	H28	H	hydrogen	0	N	N	62	H	no_hydrogen_not_resolved						
64	H29	H29	H	hydrogen	0	N	N	63	H	no_hydrogen_not_resolved						
65	H30	H30	H	hydrogen	0	N	N	64	H	no_hydrogen_not_resolved						
66	H31	H31	H	hydrogen	0	N	N	65	H	no_hydrogen_not_resolved						
67	H32	H32	H	hydrogen	0	N	N	66	H	no_hydrogen_not_resolved						
68	H33	H33	H	hydrogen	0	N	N	67	H	no_hydrogen_not_resolved						
69	H34	H34	H	hydrogen	0	N	N	68	H	no_hydrogen_not_resolved						
70	H35	H35	H	hydrogen	0	N	N	69	H	no_hydrogen_not_resolved						
71	H36	H36	H	hydrogen	0	N	N	70	H	no_hydrogen_not_resolved						
72	H37	H37	H	hydrogen	0	N	N	71	H	no_hydrogen_not_resolved						
73	H38	H38	H	hydrogen	0	N	N	72	H	no_hydrogen_not_resolved						
74	H39	H39	H	hydrogen	0	N	N	73	H	no_hydrogen_not_resolved						
75	H41	H41	H	hydrogen	0	N	N	74	H	no_hydrogen_not_resolved						
76	H43	H43	H	hydrogen	0	N	N	75	H	no_hydrogen_not_resolved						
